<configuration>

  <appender name="STDOUT"
                class="ch.qos.logback.core.ConsoleAppender">
                <encoder>
                        <pattern>%date | %X{userId} | %X{UUID} | %thread | %-5p | %class{50}.%method:%L | %m%n
                        </pattern>
                </encoder>
        </appender>

        <appender name="FILE" class="ch.qos.logback.core.rolling.RollingFileAppender">
                <file>logs/rms.log</file>
                <rollingPolicy
                        class="ch.qos.logback.core.rolling.TimeBasedRollingPolicy">
                        <FileNamePattern>logs/rms.%d{yyyy-MM-dd}.%i.log
                        </FileNamePattern>
                        <timeBasedFileNamingAndTriggeringPolicy
                                class="ch.qos.logback.core.rolling.SizeAndTimeBasedFNATP">
                                <maxFileSize>100MB</maxFileSize>
                        </timeBasedFileNamingAndTriggeringPolicy>
                        <maxHistory>100</maxHistory>
                </rollingPolicy>

                <encoder>
                    <Pattern>%date | %X{userId} | %X{UUID} | %thread | %-5p | %class{0}.%method:%L | %m%n</Pattern>
                </encoder>
        </appender>

        <appender name="ASYNC500"
                class="ch.qos.logback.classic.AsyncAppender">
                <queueSize>500</queueSize>
                <discardingThreshold>0</discardingThreshold>
                <appender-ref ref="FILE" />
        </appender>

        <logger name="play" level="OFF" />
        <logger name="akka" level="OFF" />
        <logger name="org" level="OFF" />
        <logger name="com" level="OFF" />
        <logger name="controllers" level="INFO" />
        <logger name="core" level="INFO" />
        <logger name="utils" level="INFO" />
        <logger name="messages" level="INFO" />

        <root level="INFO">
                <appender-ref ref="STDOUT" />
                <appender-ref ref="FILE" />
        </root>

</configuration>

